Summary,Issue key,Issue id,Parent id,Issue Type,Status,Project key,Project name,Project type,Project lead,Project description,Project url,Priority,Resolution,Assignee,Reporter,Creator,Created,Updated,Last Viewed,Resolved,Fix Version/s,Due Date,Votes,Description,Environment,Original Estimate,Remaining Estimate,Time Spent,Work Ratio,Σ Original Estimate,Σ Remaining Estimate,Σ Time Spent,Security Level,Custom field (Epic Color),Custom field (Epic Link),Custom field (Epic Name),Custom field (Epic Status),Custom field (Rank),Sprint,Sprint,Custom field (Story Points),Comment,Comment,Comment
"As a user, I'd like a historical story to show in reports",TAT-23,10022,,Story,Done,TAT,TA_Test,software,vinay.kumar4533,,,Medium,Done,vinay.kumar4533,vinay.kumar4533,vinay.kumar4533,15/Mar/19 1:26 AM,27/Mar/19 10:01 AM,16/Apr/19 3:58 PM,27/Mar/19 10:01 AM,Version 1.0,,0,,,,,,,,,,,,,,,"0|i0004v:",Sample Sprint 1,,2.0,"27/Mar/19 10:01 AM;vinay.kumar4533;Joined Sample Sprint 1 21 days 10 hours 20 minutes ago
To Do to Done 9 days 1 hours 45 minutes ago",,
"As a user, I'd like a historical story to show in reports",TAT-22,10021,,Story,Done,TAT,TA_Test,software,vinay.kumar4533,,,Medium,Done,vinay.kumar4533,vinay.kumar4533,vinay.kumar4533,15/Mar/19 1:26 AM,25/Mar/19 8:23 AM,11/Apr/19 7:36 PM,25/Mar/19 8:23 AM,Version 1.0,,0,,,,,,,,,,,,,,,"0|i0004n:",Sample Sprint 1,,2.0,"25/Mar/19 8:23 AM;vinay.kumar4533;Joined Sample Sprint 1 21 days 10 hours 20 minutes ago
To Do to Done 11 days 3 hours 23 minutes ago",,
"As a user, I'd like a historical story to show in reports",TAT-21,10020,,Story,Done,TAT,TA_Test,software,vinay.kumar4533,,,Medium,Done,vinay.kumar4533,vinay.kumar4533,vinay.kumar4533,15/Mar/19 1:26 AM,22/Mar/19 5:03 PM,16/Apr/19 3:58 PM,22/Mar/19 5:03 PM,Version 1.0,,0,,,,,,,,,,,,,,,"0|i0004f:",Sample Sprint 1,,1.0,"22/Mar/19 5:03 PM;vinay.kumar4533;Joined Sample Sprint 1 21 days 10 hours 20 minutes ago
To Do to Done 13 days 18 hours 43 minutes ago",,
"As a user, I'd like a historical story to show in reports",TAT-20,10019,,Story,Done,TAT,TA_Test,software,vinay.kumar4533,,,Medium,Done,vinay.kumar4533,vinay.kumar4533,vinay.kumar4533,15/Mar/19 1:26 AM,20/Mar/19 10:25 AM,16/Apr/19 3:58 PM,20/Mar/19 10:25 AM,Version 1.0,,0,,,,,,,,,,,,,,,"0|i00047:",Sample Sprint 1,,3.0,"20/Mar/19 10:25 AM;vinay.kumar4533;Joined Sample Sprint 1 21 days 10 hours 20 minutes ago
To Do to Done 16 days 1 hours 21 minutes ago",,
"As a user, I'd like a historical story to show in reports",TAT-19,10018,,Story,Done,TAT,TA_Test,software,vinay.kumar4533,,,Medium,Done,vinay.kumar4533,vinay.kumar4533,vinay.kumar4533,15/Mar/19 1:26 AM,18/Mar/19 9:50 PM,16/Apr/19 3:58 PM,18/Mar/19 9:50 PM,Version 2.0,,0,,,,,,,,,,,,,,,"0|i0003z:",Sample Sprint 1,,5.0,"18/Mar/19 9:50 PM;vinay.kumar4533;Joined Sample Sprint 1 21 days 10 hours 20 minutes ago
To Do to Done 17 days 13 hours 56 minutes ago",,
"As a user, I'd like a historical story to show in reports",TAT-18,10017,,Story,Done,TAT,TA_Test,software,vinay.kumar4533,,,Medium,Done,vinay.kumar4533,vinay.kumar4533,vinay.kumar4533,15/Mar/19 1:26 AM,15/Mar/19 9:56 PM,16/Apr/19 3:58 PM,15/Mar/19 9:56 PM,Version 2.0,,0,,,,,,,,,,,,,,,"0|i0003r:",Sample Sprint 1,,3.0,"15/Mar/19 9:56 PM;vinay.kumar4533;Joined Sample Sprint 1 21 days 10 hours 20 minutes ago
To Do to Done 20 days 13 hours 50 minutes ago",,
"Instructions for deleting this sample board and project are in the description for this issue >> Click the ""TAT-17"" link and read the description tab of the detail view for more",TAT-17,10016,,Bug,Done,TAT,TA_Test,software,vinay.kumar4533,,,Medium,Done,vinay.kumar4533,vinay.kumar4533,vinay.kumar4533,29/Mar/19 2:36 AM,01/Apr/19 7:12 PM,16/Apr/19 3:58 PM,01/Apr/19 7:12 PM,,,0,"*To delete this Sample Project _(must be performed by a user with Administration rights)_* 
- Open the administration interface to the projects page by using the keyboard shortcut 'g' then 'g' and typing 'Projects' in to the search dialog
- Select the ""Delete"" link for the ""TA_Test"" project

*To delete the Sample Project workflow and workflow scheme _(must be performed by a user with Administration rights)_* 
- Open the administration interface to the workflow schemes page by using the keyboard shortcut 'g' then 'g' and typing 'Workflow Schemes' in to the search dialog
- Select the ""Delete"" link for the ""TAT: Software Simplified Workflow Scheme"" workflow scheme
- Go to the workflows page by using the keyboard shortcut 'g' then 'g' and typing 'Workflows' in to the search dialog(_OnDemand users should select the second match for Workflows_)
- Expand the ""Inactive"" section
- Select the ""Delete"" link for the ""Software Simplified Workflow  for Project TAT"" workflow

*To delete this Board _(must be performed by the owner of this Board or an Administrator)_*
- Click the ""Tools"" cog at the top right of this board
- Select ""Delete""",,,,,,,,,,,,,,"0|i0003j:",Sample Sprint 2,,,"01/Apr/19 7:12 PM;vinay.kumar4533;Joined Sample Sprint 2 7 days 9 hours 10 minutes ago","01/Apr/19 7:12 PM;vinay.kumar4533;To Do to In Progress 6 days 22 hours 26 minutes ago
In Progress to Done 3 days 16 hours 34 minutes ago",
"As a team, we can finish the sprint by clicking the cog icon next to the sprint name above the ""To Do"" column then selecting ""Complete Sprint"" >> Try closing this sprint now",TAT-16,10015,,Story,Done,TAT,TA_Test,software,vinay.kumar4533,,,Medium,Done,,vinay.kumar4533,vinay.kumar4533,08/Mar/19 6:32 AM,30/Mar/19 9:08 AM,16/Apr/19 3:58 PM,30/Mar/19 9:08 AM,,,0,,,,,,,,,,,,,,,"0|i0003b:",Sample Sprint 1,Sample Sprint 2,2.0,"30/Mar/19 9:08 AM;vinay.kumar4533;Created 28 days 5 hours 14 minutes ago
Joined Sample Sprint 1 21 days 10 hours 20 minutes ago","30/Mar/19 9:08 AM;vinay.kumar4533;Joined Sample Sprint 2 7 days 9 hours 10 minutes ago","30/Mar/19 9:08 AM;vinay.kumar4533;To Do to In Progress 7 days 4 hours 26 minutes ago
In Progress to Done 6 days 2 hours 38 minutes ago"
"As a scrum master, I can see the progress of a sprint via the Burndown Chart >> Click ""Reports"" to view the Burndown Chart",TAT-15,10014,,Story,Done,TAT,TA_Test,software,vinay.kumar4533,,,Medium,Done,,vinay.kumar4533,vinay.kumar4533,29/Mar/19 2:36 AM,02/Apr/19 5:12 PM,16/Apr/19 3:58 PM,02/Apr/19 5:12 PM,,,0,,,,,,,,,,,,,,,"0|i00033:",Sample Sprint 2,,4.0,"02/Apr/19 5:12 PM;vinay.kumar4533;Joined Sample Sprint 2 7 days 9 hours 10 minutes ago","02/Apr/19 5:12 PM;vinay.kumar4533;To Do to In Progress 5 days 4 hours 26 minutes ago
In Progress to Done 2 days 18 hours 34 minutes ago",
"As a user, I can find important items on the board by using the customisable ""Quick Filters"" above >> Try clicking the ""Only My Issues"" Quick Filter above",TAT-14,10013,,Story,To Do,TAT,TA_Test,software,vinay.kumar4533,,,Medium,,vinay.kumar4533,vinay.kumar4533,vinay.kumar4533,04/Apr/19 7:36 AM,04/Apr/19 7:36 AM,16/Apr/19 3:58 PM,,,,0,"*Creating Quick Filters*

You can add your own Quick Filters in the board configuration (select *Board > Configure*)",,,,,,,,,,,,,,"0|i0002v:",Sample Sprint 2,,3.0,"04/Apr/19 7:36 AM;vinay.kumar4533;Joined Sample Sprint 2 1 days 4 hours 10 minutes ago",,
"As a developer, I can update details on an item using the Detail View >> Click the ""TAT-13"" link at the top of this card to open the detail view",TAT-13,10012,,Bug,To Do,TAT,TA_Test,software,vinay.kumar4533,,,Medium,,vinay.kumar4533,vinay.kumar4533,vinay.kumar4533,29/Mar/19 2:36 AM,29/Mar/19 2:36 AM,16/Apr/19 3:58 PM,,Version 2.0,,0,"*Editing using the Detail View*

Many of the fields in the detail view can be inline edited by simply clicking on them. 

For other fields you can open Quick Edit, select ""Edit"" from the cog drop-down.",,,,,,,,,,,,,,"0|i0002n:",Sample Sprint 2,,,"29/Mar/19 2:36 AM;vinay.kumar4533;Joined Sample Sprint 2 7 days 9 hours 10 minutes ago",,
"When the last task is done, the story can be automatically closed >> Drag this task to ""Done"" too",TAT-12,10011,10009,Sub-task,In Progress,TAT,TA_Test,software,vinay.kumar4533,,,Medium,,,vinay.kumar4533,vinay.kumar4533,02/Apr/19 12:03 PM,02/Apr/19 12:03 PM,16/Apr/19 3:58 PM,,Version 2.0,,0,,,,,,,,,,,,,,,"0|i0002f:",Sample Sprint 2,,,"02/Apr/19 12:03 PM;vinay.kumar4533;To Do to In Progress 2 days 23 hours 43 minutes ago",,
"Update task status by dragging and dropping from column to column >> Try dragging this task to ""Done""",TAT-11,10010,10009,Sub-task,In Progress,TAT,TA_Test,software,vinay.kumar4533,,,Medium,,vinay.kumar4533,vinay.kumar4533,vinay.kumar4533,01/Apr/19 2:38 PM,01/Apr/19 2:38 PM,16/Apr/19 3:58 PM,,Version 2.0,,0,,,,,,,,,,,,,,,"0|i00027:",Sample Sprint 2,,,"01/Apr/19 2:38 PM;vinay.kumar4533;To Do to In Progress 3 days 21 hours 8 minutes ago",,
"As a developer, I can update story and task status with drag and drop (click the triangle at far left of this story to show sub-tasks)",TAT-10,10009,,Story,In Progress,TAT,TA_Test,software,vinay.kumar4533,,,Medium,,vinay.kumar4533,vinay.kumar4533,vinay.kumar4533,29/Mar/19 2:36 AM,29/Mar/19 2:36 AM,09/Apr/19 5:09 PM,,Version 2.0,,0,,,,,,,,,,,,,,,"0|i0001z:",Sample Sprint 2,,5.0,"29/Mar/19 2:36 AM;vinay.kumar4533;Joined Sample Sprint 2 7 days 9 hours 10 minutes ago",,
"As a developer, I'd like to update story status during the sprint >> Click the Active sprints link at the top right of the screen to go to the Active sprints where the current Sprint's items can be updated",TAT-9,10008,,Story,To Do,TAT,TA_Test,software,vinay.kumar4533,,,Medium,,,vinay.kumar4533,vinay.kumar4533,05/Apr/19 11:46 AM,05/Apr/19 11:46 AM,16/Apr/19 3:35 PM,,,,0,,,,,,,,,,,,,,,"0|i0001r:",,,3.0,,,
"As a product owner, I'd like to include bugs, tasks and other issue types in my backlog >> Bugs like this one will also appear in your backlog but they are not normally estimated",TAT-8,10007,,Bug,To Do,TAT,TA_Test,software,vinay.kumar4533,,,Medium,,,vinay.kumar4533,vinay.kumar4533,05/Apr/19 11:46 AM,05/Apr/19 11:46 AM,16/Apr/19 3:58 PM,,Version 2.0,,0,"*Estimation of Bugs*

Scrum teams do not normally apply story point estimates to bugs because bugs are considered to be part of the ongoing work that the team must deal with (i.e the overhead). If you view the story points completed in a sprint as a measure of progress, then bugs also have no value because they do not deliver anything additional to the customer. 

However, you can apply estimates to bugs if you wish by configuring the ""Story Points"" field to apply to other Issue Types (by default it only applies to Stories and Epics). Some more information on this is in the [documentation|https://confluence.atlassian.com/display/GH/Story+Point].",,,,,,,,,,,,,,"0|i0001j:",,,,,,
This is a sample task. Tasks are used to break down the steps to implement a user story,TAT-7,10006,10005,Sub-task,In Progress,TAT,TA_Test,software,vinay.kumar4533,,,Medium,,vinay.kumar4533,vinay.kumar4533,vinay.kumar4533,05/Apr/19 11:46 AM,16/Apr/19 3:13 PM,16/Apr/19 3:35 PM,,,,0,,,,,,,,,,,,,,,"0|i0001b:",,,,"05/Apr/19 11:46 AM;vinay.kumar4533;Hello",,
"As a scrum master, I'd like to break stories down into tasks we can track during the sprint >> Try creating a task by clicking the Sub-Tasks tab in the Detail View on the right",TAT-6,10005,,Story,To Do,TAT,TA_Test,software,vinay.kumar4533,,,Medium,,,vinay.kumar4533,vinay.kumar4533,05/Apr/19 11:46 AM,05/Apr/19 11:46 AM,15/Apr/19 6:50 PM,,,,0,"*Task Breakdown*

Many teams choose to break down user stories into a set of tasks needed to implement the story. They then update the status of these tasks during a sprint to track progress. The completion of the last task signals the end of the story. 

You can add sub-tasks to a story on the sub-task tab (folder icon) above.",,,,,,,,,,,,,,"0|i00013:",,,1.0,,,
"As a team, I'd like to commit to a set of stories to be completed in a sprint (or iteration) >> Click ""Create Sprint"" then drag the footer down to select issues for a sprint (you can't start a sprint at the moment because one is already active)",TAT-5,10004,,Story,To Do,TAT,TA_Test,software,vinay.kumar4533,,,Medium,,,vinay.kumar4533,vinay.kumar4533,05/Apr/19 11:46 AM,05/Apr/19 11:46 AM,16/Apr/19 3:58 PM,,,,0,"*Starting a Sprint*

During the Planning Meeting the team will examine the stories at the top of the backlog and determine which they can commit to completing during the coming sprint. Based on this information the Product Owner might break down stories into smaller stories, adjust story priorities or otherwise work with the team to define the ideal sprint outcome. When the sprint is started the stories are moved into the sprint backlog.",,,,,,,,,,,,,,"0|i0000v:",,,1.0,,,
"As a team, I'd like to estimate the effort of a story in Story Points so we can understand the work remaining >> Try setting the Story Points for this story in the ""Estimate"" field",TAT-4,10003,,Story,To Do,TAT,TA_Test,software,vinay.kumar4533,,,Medium,,,vinay.kumar4533,vinay.kumar4533,05/Apr/19 11:46 AM,05/Apr/19 11:46 AM,16/Apr/19 3:58 PM,,Version 3.0,,0,"This story is estimated at 5 Story Points (as shown in the ""Estimate"" field at the top right of the Detail View). 

Try updating the Story Point estimate to 4 by clicking on the ""Estimate"" then typing.

*Estimating using Story Points*

Because the traditional process of estimating tasks in weeks or days is often wildly inaccurate, many Scrum teams estimate in Story Points instead. Story Points exist merely as a way to estimate a task's difficulty compared to some other task (for example, a 10-point story would probably take double the effort of a 5-point story). As teams mature with Scrum they tend to achieve a consistent number of Story Points from Sprint to Sprint -- this is termed the team's _velocity_. This allows the Product Owner to use the velocity to predict how many Sprints it will take to deliver parts of the backlog. 

Many teams use Planning Poker to achieve consensus on Story Point estimates.

*Using Other Estimation Units*

You can configure JIRA Software to use time-based estimates if you wish. In the configuration for the board, on the ""Estimation"" tab, select ""Original Time Estimate"" as your Estimation Statistic. If you also wish to track the time used during the Sprint, select ""Remaining Estimate and Time Spent"" to enable Time Tracking in JIRA Software.",,,,,,,,,,,,,,"0|i0000n:",,,5.0,,,
"As a product owner, I'd like to rank stories in the backlog so I can communicate the proposed implementation order >> Try dragging this story up above the previous story",TAT-3,10002,,Story,To Do,TAT,TA_Test,software,vinay.kumar4533,,,Medium,,,vinay.kumar4533,vinay.kumar4533,05/Apr/19 11:46 AM,05/Apr/19 11:46 AM,16/Apr/19 3:58 PM,,Version 3.0,,0,"*About the Product Backlog*

The backlog is the source of truth for the order of work to be completed. It is expected that the Product Owner will work with the team to make sure that the backlog represents the current approach to delivering the product. JIRA Software makes it easy to prioritise (rank) Stories by dragging them up and down the backlog.",,,,,,,,,,,,,,"0|i0000f:",,,5.0,,,
"As a product owner, I'd like to express work in terms of actual user problems, aka User Stories, and place them in the backlog >> Try creating a new story with the ""+ Create Issue"" button (top right of screen)",TAT-2,10001,,Story,To Do,TAT,TA_Test,software,vinay.kumar4533,,,Medium,,,vinay.kumar4533,vinay.kumar4533,05/Apr/19 11:46 AM,05/Apr/19 11:46 AM,16/Apr/19 3:58 PM,,Version 2.0,,0,"When you click ""+ Create Issue"" you will be asked for the correct project (select ""TA_Test"") and Issue Type (select ""Story"").

*About User Stories*

The Scrum methodology drops traditional software requirement statements in favour of real world problems expressed as User Stories. Stories describe the task a particular user is trying to achieve and its value. They are typically of the form ""As a (role) I want (something) so that (benefit)"". This approach focuses the team on the core user need rather than on implementation details. 

Stories are ""placeholders for a conversation"" -- they do not need to be especially detailed since it is expected that the team will work together to resolve ambiguity as the story is developed. 

Stories to be implemented in the future are stored in the Product Backlog. The backlog is ranked by the Product Owner so that the next items to be completed are at the top.",,,,,,,,,,,,,,"0|i00007:",,,2.0,,,
"As an Agile team, I'd like to learn about Scrum >> Click the ""TAT-1"" link at the left of this row to see detail in the Description tab on the right",TAT-1,10000,,Story,To Do,TAT,TA_Test,software,vinay.kumar4533,,,Medium,,,vinay.kumar4533,vinay.kumar4533,05/Apr/19 11:46 AM,05/Apr/19 11:46 AM,16/Apr/19 3:58 PM,,Version 2.0,,0,"*About Scrum*

Scrum is an iterative approach to Agile software development. The methodology has been around since the 1980s but was popularised by Jeff Sutherland and Ken Schwaber. 

Scrum breaks the development of a product down in to discrete iterations (termed Sprints) that each deliver functionality that could potentially be shipped to users.

The Scrum Alliance offers an excellent [introduction to Scrum|http://www.scrumalliance.org/resources/47] that provides an overview of key Scrum concepts, stakeholders, processes and artefacts.",,,,,,,,,,,,,,"0|hzzzzz:",,,2.0,,,
